No. ,Symbol ,Company Name ,Market Cap ,Revenue ,Sector ,Labels
1,AAPL,Apple Inc.,"3,381.32B",391.04B,Technology,9
2,NVDA,NVIDIA Corporation,"3,328.48B",96.31B,Technology,9
3,MSFT,Microsoft Corporation,"3,060.49B",254.19B,Technology,9
4,GOOG,Alphabet Inc.,"2,103.30B",339.86B,Communication Services,0
5,GOOGL,Alphabet Inc.,"2,093.09B",339.86B,Communication Services,0
6,AMZN,"Amazon.com, Inc.","2,081.28B",620.13B,Consumer Discretionary,1
7,META,"Meta Platforms, Inc.","1,435.94B",156.23B,Communication Services,0
8,BRK-B,Berkshire Hathaway Inc.,972.07B,370.11B,Financials,4
9,TSLA,"Tesla, Inc.",798.86B,97.15B,Consumer Discretionary,1
10,AVGO,Broadcom Inc.,790.17B,46.82B,Technology,9
11,LLY,Eli Lilly and Company,739.35B,40.86B,Healthcare,5
12,WMT,Walmart Inc.,660.81B,665.04B,Consumer Staples,2
13,JPM,JPMorgan Chase & Co.,630.52B,162.15B,Financials,4
14,V,Visa Inc.,551.71B,34.92B,Financials,4
15,UNH,UnitedHealth Group Incorporated,522.63B,393.90B,Healthcare,5
16,XOM,Exxon Mobil Corporation,512.44B,344.21B,Energy,3
17,ORCL,Oracle Corporation,472.80B,53.82B,Technology,9
18,MA,Mastercard Incorporated,468.47B,27.23B,Financials,4
19,HD,"The Home Depot, Inc.",390.04B,152.09B,Consumer Discretionary,1
20,PG,The Procter & Gamble Company,389.04B,83.91B,Consumer Staples,2
21,COST,Costco Wholesale Corporation,388.53B,254.45B,Consumer Staples,2
22,JNJ,Johnson & Johnson,386.25B,87.70B,Healthcare,5
23,ABBV,AbbVie Inc.,360.59B,55.53B,Healthcare,5
24,NFLX,"Netflix, Inc.",324.07B,37.59B,Communication Services,0
25,BAC,Bank of America Corporation,321.73B,94.63B,Financials,4
26,CRM,"Salesforce, Inc.",281.49B,36.47B,Technology,9
27,KO,The Coca-Cola Company,279.94B,46.37B,Consumer Staples,2
28,CVX,Chevron Corporation,279.53B,191.60B,Energy,3
29,TMUS,"T-Mobile US, Inc.",259.22B,80.01B,Communication Services,0
30,MRK,"Merck & Co., Inc.",258.92B,63.17B,Healthcare,5
31,AMD,"Advanced Micro Devices, Inc.",230.62B,24.30B,Technology,9
32,PEP,"PepsiCo, Inc.",227.01B,91.92B,Consumer Staples,2
33,CSCO,"Cisco Systems, Inc.",221.45B,53.80B,Technology,9
34,LIN,Linde plc,218.60B,33.03B,Materials,7
35,WFC,Wells Fargo & Company,216.84B,77.88B,Financials,4
36,ACN,Accenture plc,216.18B,64.90B,Technology,9
37,TMO,Thermo Fisher Scientific Inc.,212.89B,42.37B,Healthcare,5
38,ADBE,Adobe Inc.,212.73B,20.95B,Technology,9
39,MCD,McDonald's Corporation,210.99B,25.94B,Consumer Discretionary,1
40,ABT,Abbott Laboratories,207.18B,41.22B,Healthcare,5
41,PM,Philip Morris International Inc.,203.64B,37.22B,Consumer Staples,2
42,NOW,"ServiceNow, Inc.",194.86B,10.46B,Technology,9
43,AXP,American Express Company,192.42B,59.24B,Financials,4
44,IBM,International Business Machines Corporation,191.86B,62.58B,Technology,9
45,MS,Morgan Stanley,188.62B,58.28B,Financials,4
46,TXN,Texas Instruments Incorporated,187.09B,15.71B,Technology,9
47,GE,General Electric Company,186.47B,69.95B,Industrials,6
48,CAT,Caterpillar Inc.,183.96B,65.66B,Industrials,6
49,QCOM,QUALCOMM Incorporated,183.50B,37.35B,Technology,9
50,ISRG,"Intuitive Surgical, Inc.",180.60B,7.87B,Healthcare,5
51,DHR,Danaher Corporation,179.39B,23.74B,Healthcare,5
52,INTU,Intuit Inc.,174.56B,16.29B,Technology,9
53,VZ,Verizon Communications Inc.,174.47B,134.24B,Communication Services,0
54,DIS,The Walt Disney Company,173.94B,90.03B,Communication Services,0
55,GS,"The Goldman Sachs Group, Inc.",172.71B,49.39B,Financials,4
56,AMGN,Amgen Inc.,171.24B,32.53B,Healthcare,5
57,CMCSA,Comcast Corporation,169.23B,123.07B,Communication Services,0
58,T,AT&T Inc.,159.36B,122.06B,Communication Services,0
59,PFE,Pfizer Inc.,159.35B,59.38B,Healthcare,5
60,NEE,"NextEra Energy, Inc.",159.19B,26.25B,Utilities,10
61,RTX,RTX Corporation,158.36B,79.04B,Industrials,6
62,BKNG,Booking Holdings Inc.,157.15B,23.05B,Consumer Discretionary,1
63,UBER,"Uber Technologies, Inc.",154.72B,41.96B,Technology,9
64,AMAT,"Applied Materials, Inc.",151.67B,26.85B,Technology,9
65,SPGI,S&P Global Inc.,150.19B,13.77B,Financials,4
66,LOW,"Lowe's Companies, Inc.",148.84B,84.02B,Consumer Discretionary,1
67,BLK,"BlackRock, Inc.",145.74B,19.36B,Financials,4
68,PGR,The Progressive Corporation,142.62B,71.96B,Financials,4
69,UNP,Union Pacific Corporation,141.37B,24.29B,Industrials,6
70,SYK,Stryker Corporation,140.01B,21.97B,Healthcare,5
71,BX,Blackstone Inc.,135.84B,11.14B,Financials,4
72,HON,Honeywell International Inc.,135.83B,37.85B,Industrials,6
73,ETN,Eaton Corporation plc,133.80B,24.61B,Industrials,6
74,SCHW,The Charles Schwab Corporation,130.05B,18.74B,Financials,4
75,LMT,Lockheed Martin Corporation,129.49B,71.30B,Industrials,6
76,TJX,"The TJX Companies, Inc.",127.20B,55.62B,Consumer Discretionary,1
77,COP,ConocoPhillips,125.01B,57.37B,Energy,3
78,ANET,"Arista Networks, Inc.",123.83B,6.31B,Technology,9
79,BSX,Boston Scientific Corporation,123.60B,15.91B,Healthcare,5
80,KKR,KKR & Co. Inc.,122.89B,27.84B,Financials,4
81,VRTX,Vertex Pharmaceuticals Incorporated,121.35B,10.34B,Healthcare,5
82,C,Citigroup Inc.,121.12B,69.31B,Financials,4
83,PANW,"Palo Alto Networks, Inc.",118.73B,8.03B,Technology,9
84,ADP,"Automatic Data Processing, Inc.",117.50B,19.52B,Technology,9
85,MDT,Medtronic plc,115.95B,32.58B,Healthcare,5
86,NKE,"NIKE, Inc.",115.95B,50.01B,Consumer Discretionary,1
87,BA,The Boeing Company,115.06B,73.29B,Industrials,6
88,FI,"Fiserv, Inc.",114.93B,20.12B,Technology,9
89,UPS,"United Parcel Service, Inc.",114.75B,90.69B,Industrials,6
90,CB,Chubb Limited,112.36B,54.70B,Financials,4
91,SBUX,Starbucks Corporation,112.14B,36.18B,Consumer Discretionary,1
92,ADI,"Analog Devices, Inc.",111.87B,9.70B,Technology,9
93,GILD,"Gilead Sciences, Inc.",111.35B,27.81B,Healthcare,5
94,BMY,Bristol-Myers Squibb Company,110.66B,47.44B,Healthcare,5
95,MU,"Micron Technology, Inc.",110.64B,25.11B,Technology,9
96,DE,Deere & Company,109.62B,55.96B,Industrials,6
97,MMC,"Marsh & McLennan Companies, Inc.",108.15B,23.95B,Financials,4
98,PLD,"Prologis, Inc.",105.94B,8.24B,Real Estate,8
99,INTC,Intel Corporation,99.35B,54.25B,Technology,9
100,AMT,American Tower Corporation,99.13B,11.17B,Real Estate,8
101,SO,The Southern Company,96.77B,26.43B,Utilities,10
102,LRCX,Lam Research Corporation,96.41B,15.59B,Technology,9
103,ELV,"Elevance Health, Inc.",95.98B,174.02B,Healthcare,5
104,PLTR,Palantir Technologies Inc.,94.29B,2.48B,Technology,9
105,MO,"Altria Group, Inc.",92.30B,20.04B,Consumer Staples,2
106,HCA,"HCA Healthcare, Inc.",92.27B,69.62B,Healthcare,5
107,MDLZ,"Mondelez International, Inc.",91.63B,36.15B,Consumer Staples,2
108,DELL,Dell Technologies Inc.,91.43B,91.84B,Technology,9
109,REGN,"Regeneron Pharmaceuticals, Inc.",90.77B,13.85B,Healthcare,5
110,SHW,The Sherwin-Williams Company,90.15B,23.05B,Materials,7
111,KLAC,KLA Corporation,90.13B,10.26B,Technology,9
112,ICE,"Intercontinental Exchange, Inc.",89.16B,9.16B,Financials,4
113,CI,The Cigna Group,87.94B,232.51B,Healthcare,5
114,DUK,Duke Energy Corporation,87.14B,29.59B,Utilities,10
115,ABNB,"Airbnb, Inc.",86.06B,10.51B,Consumer Discretionary,1
116,WM,"Waste Management, Inc.",86.04B,21.39B,Industrials,6
117,EQIX,"Equinix, Inc.",86.04B,8.40B,Real Estate,8
118,TT,Trane Technologies plc,84.74B,19.39B,Industrials,6
119,GEV,GE Vernova Inc.,83.47B,34.42B,Utilities,10
120,WELL,Welltower Inc.,83.28B,7.56B,Real Estate,8
121,CTAS,Cintas Corporation,82.91B,9.76B,Industrials,6
122,MCO,Moody's Corporation,82.81B,6.90B,Financials,4
123,ZTS,Zoetis Inc.,82.61B,8.92B,Healthcare,5
124,APH,Amphenol Corporation,82.06B,14.23B,Technology,9
125,PH,Parker-Hannifin Corporation,81.58B,19.99B,Industrials,6
126,CEG,Constellation Energy Corporation,80.85B,23.54B,Utilities,10
127,CME,CME Group Inc.,80.84B,6.03B,Financials,4
128,GD,General Dynamics Corporation,80.68B,46.05B,Industrials,6
129,CMG,"Chipotle Mexican Grill, Inc.",80.13B,10.98B,Consumer Discretionary,1
130,SNPS,"Synopsys, Inc.",79.64B,6.48B,Technology,9
131,AON,Aon plc,79.13B,14.93B,Financials,4
132,ITW,Illinois Tool Works Inc.,78.15B,15.95B,Industrials,6
133,PYPL,"PayPal Holdings, Inc.",77.61B,31.46B,Financials,4
134,CDNS,"Cadence Design Systems, Inc.",77.33B,4.35B,Technology,9
135,CL,Colgate-Palmolive Company,76.21B,20.11B,Consumer Staples,2
136,MSI,"Motorola Solutions, Inc.",75.72B,10.42B,Technology,9
137,USB,U.S. Bancorp,74.82B,24.90B,Financials,4
138,PNC,"The PNC Financial Services Group, Inc.",74.32B,20.48B,Financials,4
139,CRWD,"CrowdStrike Holdings, Inc.",74.25B,3.52B,Technology,9
140,NOC,Northrop Grumman Corporation,73.95B,40.99B,Industrials,6
141,MAR,"Marriott International, Inc.",73.46B,6.47B,Consumer Discretionary,1
142,TDG,TransDigm Group Incorporated,73.18B,7.61B,Industrials,6
143,CVS,CVS Health Corporation,70.26B,361.86B,Healthcare,5
144,TGT,Target Corporation,69.45B,107.30B,Consumer Staples,2
145,ECL,Ecolab Inc.,69.36B,15.67B,Materials,7
146,MMM,3M Company,69.28B,32.64B,Industrials,6
147,EOG,"EOG Resources, Inc.",68.84B,24.11B,Energy,3
148,APD,"Air Products and Chemicals, Inc.",68.82B,12.10B,Materials,7
149,BDX,"Becton, Dickinson and Company",68.28B,19.83B,Healthcare,5
150,MCK,McKesson Corporation,68.18B,313.75B,Healthcare,5
151,FDX,FedEx Corporation,67.24B,87.59B,Industrials,6
152,ORLY,"O'Reilly Automotive, Inc.",66.76B,16.44B,Consumer Discretionary,1
153,FCX,Freeport-McMoRan Inc.,65.59B,25.64B,Materials,7
154,CARR,Carrier Global Corporation,65.28B,24.80B,Industrials,6
155,CSX,CSX Corporation,64.87B,14.68B,Industrials,6
156,WMB,"The Williams Companies, Inc.",62.83B,10.25B,Energy,3
157,COF,Capital One Financial Corporation,62.53B,26.50B,Financials,4
158,RSG,"Republic Services, Inc.",62.33B,15.82B,Industrials,6
159,EMR,Emerson Electric Co.,62.12B,16.96B,Industrials,6
160,AJG,Arthur J. Gallagher & Co.,61.79B,10.67B,Financials,4
161,ADSK,"Autodesk, Inc.",61.68B,5.81B,Technology,9
162,NXPI,NXP Semiconductors N.V.,60.88B,13.11B,Technology,9
163,FTNT,"Fortinet, Inc.",60.13B,5.54B,Technology,9
164,MET,"MetLife, Inc.",58.56B,71.34B,Financials,4
165,DLR,"Digital Realty Trust, Inc.",58.41B,5.37B,Real Estate,8
166,AFL,Aflac Incorporated,58.28B,17.30B,Financials,4
167,ROP,"Roper Technologies, Inc.",58.00B,6.78B,Technology,9
168,HLT,Hilton Worldwide Holdings Inc.,57.83B,4.70B,Consumer Discretionary,1
169,TFC,Truist Financial Corporation,56.96B,14.50B,Financials,4
170,PSA,Public Storage,56.76B,4.70B,Real Estate,8
171,NSC,Norfolk Southern Corporation,56.76B,12.17B,Industrials,6
172,GM,General Motors Company,56.30B,182.72B,Consumer Discretionary,1
173,SLB,Schlumberger Limited,56.13B,36.00B,Energy,3
174,TRV,"The Travelers Companies, Inc.",56.01B,45.34B,Financials,4
175,BK,The Bank of New York Mellon Corporation,54.93B,17.80B,Financials,4
176,SPG,"Simon Property Group, Inc.",54.72B,5.91B,Real Estate,8
177,RCL,Royal Caribbean Cruises Ltd.,54.71B,16.06B,Consumer Discretionary,1
178,DHI,"D.R. Horton, Inc.",54.35B,36.80B,Consumer Discretionary,1
179,OKE,"ONEOK, Inc.",54.34B,19.93B,Energy,3
180,PCAR,PACCAR Inc,54.08B,34.83B,Industrials,6
181,GWW,"W.W. Grainger, Inc.",53.98B,16.93B,Industrials,6
182,KMI,"Kinder Morgan, Inc.",53.73B,15.15B,Energy,3
183,URI,"United Rentals, Inc.",52.40B,14.98B,Industrials,6
184,CHTR,"Charter Communications, Inc.",52.26B,54.87B,Communication Services,0
185,AEP,"American Electric Power Company, Inc.",51.79B,19.52B,Utilities,10
186,SRE,Sempra,51.78B,13.48B,Utilities,10
187,FANG,"Diamondback Energy, Inc.",51.74B,8.85B,Energy,3
188,NEM,Newmont Corporation,51.61B,16.99B,Materials,7
189,O,Realty Income Corporation,51.47B,4.72B,Real Estate,8
190,MNST,Monster Beverage Corporation,51.15B,7.39B,Consumer Staples,2
191,AZO,"AutoZone, Inc.",50.81B,18.49B,Consumer Discretionary,1
192,JCI,Johnson Controls International plc,50.47B,26.93B,Industrials,6
193,PAYX,"Paychex, Inc.",50.09B,5.31B,Technology,9
194,D,"Dominion Energy, Inc.",49.79B,14.59B,Utilities,10
195,PSX,Phillips 66,49.68B,147.74B,Energy,3
196,CPRT,"Copart, Inc.",49.59B,4.24B,Industrials,6
197,AMP,"Ameriprise Financial, Inc.",49.29B,17.45B,Financials,4
198,FICO,Fair Isaac Corporation,48.97B,1.65B,Technology,9
199,AIG,"American International Group, Inc.",48.92B,45.93B,Financials,4
200,ALL,The Allstate Corporation,48.87B,62.43B,Financials,4
201,FIS,"Fidelity National Information Services, Inc.",48.77B,9.96B,Technology,9
202,MPC,Marathon Petroleum Corporation,47.91B,148.77B,Energy,3
203,LHX,"L3Harris Technologies, Inc.",47.16B,21.14B,Industrials,6
204,ROST,"Ross Stores, Inc.",46.71B,21.09B,Consumer Discretionary,1
205,CCI,Crown Castle Inc.,46.45B,6.59B,Real Estate,8
206,OXY,Occidental Petroleum Corporation,46.38B,27.12B,Energy,3
207,LEN,Lennar Corporation,46.06B,36.46B,Consumer Discretionary,1
208,COR,"Cencora, Inc.",45.95B,283.83B,Healthcare,5
209,TEL,TE Connectivity plc,45.77B,15.85B,Technology,9
210,MSCI,MSCI Inc.,45.22B,2.80B,Financials,4
211,CMI,Cummins Inc.,45.10B,34.17B,Industrials,6
212,FAST,Fastenal Company,44.86B,7.48B,Industrials,6
213,KMB,Kimberly-Clark Corporation,44.84B,20.10B,Consumer Staples,2
214,PWR,"Quanta Services, Inc.",44.70B,22.90B,Industrials,6
215,KDP,Keurig Dr Pepper Inc.,44.44B,15.15B,Consumer Staples,2
216,KVUE,Kenvue Inc.,43.69B,15.48B,Consumer Staples,2
217,PEG,Public Service Enterprise Group Incorporated,43.61B,10.24B,Utilities,10
218,PRU,"Prudential Financial, Inc.",43.36B,72.97B,Financials,4
219,ODFL,"Old Dominion Freight Line, Inc.",43.17B,5.92B,Industrials,6
220,PCG,PG&E Corporation,42.94B,24.78B,Utilities,10
221,NDAQ,"Nasdaq, Inc.",42.73B,7.02B,Financials,4
222,STZ,"Constellation Brands, Inc.",42.40B,10.19B,Consumer Staples,2
223,HES,Hess Corporation,42.28B,12.47B,Energy,3
224,CTVA,"Corteva, Inc.",42.11B,16.90B,Materials,7
225,AME,"AMETEK, Inc.",41.60B,6.91B,Industrials,6
226,VST,Vistra Corp.,41.19B,14.06B,Utilities,10
227,KR,The Kroger Co.,40.93B,150.20B,Consumer Staples,2
228,EW,Edwards Lifesciences Corporation,40.85B,6.31B,Healthcare,5
229,HWM,Howmet Aerospace Inc.,40.83B,7.09B,Industrials,6
230,F,Ford Motor Company,40.68B,182.74B,Consumer Discretionary,1
231,VLO,Valero Energy Corporation,40.55B,128.73B,Energy,3
232,KHC,The Kraft Heinz Company,40.53B,26.13B,Consumer Staples,2
233,MCHP,Microchip Technology Incorporated,40.13B,6.59B,Technology,9
234,EA,Electronic Arts Inc.,40.05B,7.41B,Communication Services,0
235,GEHC,GE HealthCare Technologies Inc.,39.84B,19.56B,Healthcare,5
236,OTIS,Otis Worldwide Corporation,39.81B,14.21B,Industrials,6
237,LULU,Lululemon Athletica Inc.,39.53B,9.99B,Consumer Discretionary,1
238,A,"Agilent Technologies, Inc.",39.34B,6.50B,Healthcare,5
239,GLW,Corning Incorporated,39.27B,12.61B,Technology,9
240,CBRE,"CBRE Group, Inc.",39.24B,34.31B,Real Estate,8
241,VRSK,"Verisk Analytics, Inc.",38.85B,2.82B,Industrials,6
242,IT,"Gartner, Inc.",38.80B,6.06B,Technology,9
243,EXC,Exelon Corporation,38.42B,22.92B,Utilities,10
244,IQV,IQVIA Holdings Inc.,38.27B,15.32B,Healthcare,5
245,GRMN,Garmin Ltd.,38.09B,5.96B,Technology,9
246,IR,Ingersoll Rand Inc.,38.08B,7.16B,Industrials,6
247,GIS,"General Mills, Inc.",37.93B,19.80B,Consumer Staples,2
248,DFS,Discover Financial Services,37.91B,11.69B,Financials,4
249,LVS,Las Vegas Sands Corp.,37.65B,11.32B,Consumer Discretionary,1
250,DAL,"Delta Air Lines, Inc.",37.49B,60.31B,Industrials,6
251,BKR,Baker Hughes Company,37.36B,27.30B,Energy,3
252,MPWR,"Monolithic Power Systems, Inc.",37.34B,2.04B,Technology,9
253,XEL,Xcel Energy Inc.,37.25B,13.76B,Utilities,10
254,YUM,"Yum! Brands, Inc.",37.14B,7.11B,Consumer Discretionary,1
255,SYY,Sysco Corporation,36.87B,79.71B,Consumer Staples,2
256,CTSH,Cognizant Technology Solutions Corporation,36.80B,19.41B,Technology,9
257,HSY,The Hershey Company,36.15B,11.01B,Consumer Staples,2
258,TRGP,Targa Resources Corp.,36.07B,16.26B,Energy,3
259,ACGL,Arch Capital Group Ltd.,36.02B,16.87B,Financials,4
260,VMC,Vulcan Materials Company,35.91B,7.40B,Materials,7
261,RMD,ResMed Inc.,35.83B,4.81B,Healthcare,5
262,IRM,Iron Mountain Incorporated,35.80B,5.82B,Real Estate,8
263,MLM,"Martin Marietta Materials, Inc.",35.55B,6.51B,Materials,7
264,HPQ,HP Inc.,34.88B,53.32B,Technology,9
265,ED,"Consolidated Edison, Inc.",34.59B,14.81B,Utilities,10
266,DD,"DuPont de Nemours, Inc.",34.49B,12.06B,Materials,7
267,EXR,Extra Space Storage Inc.,34.46B,3.30B,Real Estate,8
268,IDXX,"IDEXX Laboratories, Inc.",34.39B,3.84B,Healthcare,5
269,DOW,Dow Inc.,34.38B,43.18B,Materials,7
270,NUE,Nucor Corporation,34.03B,31.36B,Materials,7
271,VICI,VICI Properties Inc.,33.23B,3.81B,Real Estate,8
272,WAB,Westinghouse Air Brake Technologies Corporation,32.86B,10.33B,Industrials,6
273,EFX,Equifax Inc.,32.84B,5.59B,Industrials,6
274,AXON,"Axon Enterprise, Inc.",32.24B,1.81B,Industrials,6
275,MTB,M&T Bank Corporation,32.18B,8.50B,Financials,4
276,CNC,Centene Corporation,32.13B,146.20B,Healthcare,5
277,HIG,"The Hartford Financial Services Group, Inc.",31.95B,26.08B,Financials,4
278,AVB,"AvalonBay Communities, Inc.",31.54B,2.86B,Real Estate,8
279,EIX,Edison International,31.46B,17.32B,Utilities,10
280,HUM,Humana Inc.,31.34B,115.01B,Healthcare,5
281,ETR,Entergy Corporation,31.04B,11.86B,Utilities,10
282,ROK,"Rockwell Automation, Inc.",30.58B,8.79B,Industrials,6
283,WTW,Willis Towers Watson Public Limited Company,30.49B,9.81B,Financials,4
284,ON,ON Semiconductor Corporation,30.27B,7.38B,Technology,9
285,WEC,"WEC Energy Group, Inc.",30.19B,8.53B,Utilities,10
286,BRO,"Brown & Brown, Inc.",29.90B,4.56B,Financials,4
287,CSGP,"CoStar Group, Inc.",29.63B,2.67B,Real Estate,8
288,RJF,"Raymond James Financial, Inc.",29.37B,12.78B,Financials,4
289,FITB,Fifth Third Bancorp,29.19B,8.07B,Financials,4
290,XYL,Xylem Inc.,29.18B,8.42B,Industrials,6
291,PPG,"PPG Industries, Inc.",28.91B,18.03B,Materials,7
292,TSCO,Tractor Supply Company,28.83B,14.77B,Consumer Discretionary,1
293,TTWO,"Take-Two Interactive Software, Inc.",28.74B,5.40B,Communication Services,0
294,MTD,Mettler-Toledo International Inc.,28.60B,3.75B,Healthcare,5
295,CCL,Carnival Corporation & plc,28.47B,24.48B,Consumer Discretionary,1
296,EBAY,eBay Inc.,28.44B,10.27B,Consumer Discretionary,1
297,ANSS,"ANSYS, Inc.",28.27B,2.32B,Technology,9
298,CAH,"Cardinal Health, Inc.",28.18B,224.45B,Healthcare,5
299,LYB,LyondellBasell Industries N.V.,28.14B,40.73B,Materials,7
300,NVR,"NVR, Inc.",27.98B,10.28B,Consumer Discretionary,1
301,K,Kellanova,27.82B,12.12B,Consumer Staples,2
302,STT,State Street Corporation,27.80B,12.55B,Financials,4
303,DXCM,"DexCom, Inc.",27.31B,3.95B,Healthcare,5
304,LYV,"Live Nation Entertainment, Inc.",27.05B,23.81B,Communication Services,0
305,VTR,"Ventas, Inc.",26.78B,4.76B,Real Estate,8
306,AWK,"American Water Works Company, Inc.",26.57B,4.52B,Utilities,10
307,GPN,Global Payments Inc.,26.55B,10.02B,Industrials,6
308,SW,Smurfit Westrock Plc,26.55B,16.43B,Consumer Discretionary,1
309,PHM,"PulteGroup, Inc.",26.38B,17.32B,Consumer Discretionary,1
310,UAL,"United Airlines Holdings, Inc.",26.38B,55.99B,Industrials,6
311,EQR,Equity Residential,26.35B,2.94B,Real Estate,8
312,KEYS,"Keysight Technologies, Inc.",26.35B,5.00B,Technology,9
313,ADM,Archer-Daniels-Midland Company,26.25B,88.77B,Consumer Staples,2
314,HPE,Hewlett Packard Enterprise Company,26.08B,29.02B,Technology,9
315,DOV,Dover Corporation,25.99B,8.47B,Industrials,6
316,TYL,"Tyler Technologies, Inc.",25.87B,2.08B,Technology,9
317,CHD,"Church & Dwight Co., Inc.",25.55B,6.05B,Consumer Staples,2
318,IFF,International Flavors & Fragrances Inc.,25.36B,11.31B,Materials,7
319,BIIB,Biogen Inc.,25.31B,9.61B,Healthcare,5
320,DTE,DTE Energy Company,25.20B,12.42B,Utilities,10
321,VLTO,Veralto Corporation,25.17B,5.14B,Industrials,6
322,CDW,CDW Corporation,25.15B,20.83B,Technology,9
323,DVN,Devon Energy Corporation,25.14B,14.75B,Energy,3
324,TROW,"T. Rowe Price Group, Inc.",25.06B,6.91B,Financials,4
325,FTV,Fortive Corporation,24.84B,6.20B,Technology,9
326,BR,"Broadridge Financial Solutions, Inc.",24.60B,6.51B,Technology,9
327,LDOS,"Leidos Holdings, Inc.",24.44B,16.28B,Technology,9
328,HAL,Halliburton Company,24.38B,23.18B,Energy,3
329,SBAC,SBA Communications Corporation,24.35B,2.66B,Real Estate,8
330,DECK,Deckers Outdoor Corporation,24.17B,4.66B,Consumer Discretionary,1
331,FE,FirstEnergy Corp.,24.06B,13.26B,Utilities,10
332,EL,The Est√©e Lauder Companies Inc.,24.02B,15.45B,Consumer Staples,2
333,NTAP,"NetApp, Inc.",23.75B,6.38B,Technology,9
334,PPL,PPL Corporation,23.31B,8.28B,Utilities,10
335,ROL,"Rollins, Inc.",22.97B,3.31B,Consumer Discretionary,1
336,WAT,Waters Corporation,22.94B,2.91B,Healthcare,5
337,AEE,Ameren Corporation,22.92B,6.95B,Utilities,10
338,CPAY,"Corpay, Inc.",22.91B,3.82B,Technology,9
339,GDDY,GoDaddy Inc.,22.89B,4.48B,Technology,9
340,WST,"West Pharmaceutical Services, Inc.",22.89B,2.88B,Healthcare,5
341,HUBB,Hubbell Incorporated,22.88B,5.64B,Industrials,6
342,WY,Weyerhaeuser Company,22.81B,7.19B,Real Estate,8
343,ES,Eversource Energy,22.77B,11.35B,Utilities,10
344,WDC,Western Digital Corporation,22.63B,14.35B,Technology,9
345,HBAN,Huntington Bancshares Incorporated,22.53B,6.69B,Financials,4
346,PTC,PTC Inc.,22.34B,2.22B,Technology,9
347,STE,STERIS plc,22.31B,5.23B,Healthcare,5
348,CINF,Cincinnati Financial Corporation,22.06B,12.16B,Financials,4
349,WRB,W. R. Berkley Corporation,22.00B,13.19B,Financials,4
350,FSLR,"First Solar, Inc.",21.93B,3.85B,Technology,9
351,CBOE,"Cboe Global Markets, Inc.",21.90B,3.96B,Financials,4
352,EQT,EQT Corporation,21.80B,4.62B,Energy,3
353,ERIE,Erie Indemnity Company,21.79B,3.69B,Financials,4
354,RF,Regions Financial Corporation,21.51B,6.56B,Financials,4
355,SYF,Synchrony Financial,21.50B,9.01B,Financials,4
356,ZBH,"Zimmer Biomet Holdings, Inc.",21.45B,7.60B,Healthcare,5
357,ATO,Atmos Energy Corporation,21.43B,4.09B,Utilities,10
358,TDY,Teledyne Technologies Incorporated,21.32B,5.59B,Technology,9
359,STX,Seagate Technology Holdings plc,21.23B,7.27B,Technology,9
360,MKC,"McCormick & Company, Incorporated",21.14B,6.68B,Consumer Staples,2
361,COO,"The Cooper Companies, Inc.",21.14B,3.80B,Healthcare,5
362,MRNA,"Moderna, Inc.",20.98B,5.05B,Healthcare,5
363,BF-B,Brown-Forman Corporation,20.78B,4.09B,Consumer Staples,2
364,TSN,"Tyson Foods, Inc.",20.74B,53.09B,Consumer Staples,2
365,EXPE,"Expedia Group, Inc.",20.71B,13.26B,Consumer Discretionary,1
366,STLD,"Steel Dynamics, Inc.",20.62B,17.90B,Materials,7
367,PKG,Packaging Corporation of America,20.52B,8.18B,Consumer Discretionary,1
368,CMS,CMS Energy Corporation,20.40B,7.48B,Utilities,10
369,BLDR,"Builders FirstSource, Inc.",20.15B,17.03B,Industrials,6
370,CLX,The Clorox Company,20.11B,7.47B,Consumer Staples,2
371,WBD,"Warner Bros. Discovery, Inc.",19.89B,39.93B,Communication Services,0
372,NTRS,Northern Trust Corporation,19.85B,7.86B,Financials,4
373,ZBRA,Zebra Technologies Corporation,19.83B,4.66B,Technology,9
374,OMC,Omnicom Group Inc.,19.73B,15.43B,Communication Services,0
375,BBY,"Best Buy Co., Inc.",19.54B,42.54B,Consumer Discretionary,1
376,ARE,"Alexandria Real Estate Equities, Inc.",19.38B,3.09B,Real Estate,8
377,INVH,Invitation Homes Inc.,19.28B,2.55B,Real Estate,8
378,HOLX,"Hologic, Inc.",19.27B,3.99B,Healthcare,5
379,IP,International Paper Company,19.23B,18.64B,Consumer Discretionary,1
380,FOXA,Fox Corporation,19.21B,13.98B,Communication Services,0
381,LH,Labcorp Holdings Inc.,19.04B,12.71B,Healthcare,5
382,PFG,"Principal Financial Group, Inc.",18.85B,14.07B,Financials,4
383,DRI,"Darden Restaurants, Inc.",18.81B,11.42B,Consumer Discretionary,1
384,CNP,"CenterPoint Energy, Inc.",18.70B,8.56B,Utilities,10
385,CFG,"Citizens Financial Group, Inc.",18.69B,7.12B,Financials,4
386,MOH,"Molina Healthcare, Inc.",18.68B,37.54B,Healthcare,5
387,FOX,Fox Corporation,18.53B,13.98B,Communication Services,0
388,LUV,Southwest Airlines Co.,18.40B,27.38B,Industrials,6
389,BAX,Baxter International Inc.,18.36B,15.00B,Healthcare,5
390,JBHT,"J.B. Hunt Transport Services, Inc.",18.28B,12.24B,Industrials,6
391,DG,Dollar General Corporation,17.93B,39.68B,Consumer Staples,2
392,GEN,Gen Digital Inc.,17.92B,3.86B,Technology,9
393,NRG,"NRG Energy, Inc.",17.89B,28.84B,Utilities,10
394,ESS,"Essex Property Trust, Inc.",17.89B,1.76B,Real Estate,8
395,ULTA,"Ulta Beauty, Inc.",17.80B,11.32B,Consumer Discretionary,1
396,BALL,Ball Corporation,17.61B,13.79B,Consumer Discretionary,1
397,MAA,"Mid-America Apartment Communities, Inc.",17.53B,2.18B,Real Estate,8
398,L,Loews Corporation,17.47B,16.68B,Financials,4
399,FDS,FactSet Research Systems Inc.,17.46B,2.20B,Financials,4
400,DGX,Quest Diagnostics Incorporated,17.41B,9.54B,Healthcare,5
401,SNA,Snap-on Incorporated,17.38B,5.10B,Industrials,6
402,TER,"Teradyne, Inc.",17.38B,2.74B,Technology,9
403,J,Jacobs Solutions Inc.,17.35B,16.95B,Industrials,6
404,MAS,Masco Corporation,17.30B,7.88B,Industrials,6
405,KEY,KeyCorp,17.05B,4.85B,Financials,4
406,VRSN,"VeriSign, Inc.",16.99B,1.54B,Technology,9
407,HRL,Hormel Foods Corporation,16.92B,11.98B,Consumer Staples,2
408,EXPD,"Expeditors International of Washington, Inc.",16.84B,9.11B,Industrials,6
409,CTRA,Coterra Energy Inc.,16.77B,5.43B,Energy,3
410,AVY,Avery Dennison Corporation,16.61B,8.68B,Consumer Discretionary,1
411,PODD,Insulet Corporation,16.52B,1.87B,Healthcare,5
412,IEX,IDEX Corporation,16.36B,3.19B,Industrials,6
413,PNR,Pentair plc,16.30B,4.09B,Industrials,6
414,NI,NiSource Inc.,16.15B,5.29B,Utilities,10
415,KIM,Kimco Realty Corporation,16.08B,1.96B,Real Estate,8
416,GPC,Genuine Parts Company,15.86B,23.30B,Consumer Discretionary,1
417,NWS,News Corporation,15.84B,10.09B,Communication Services,0
418,ALGN,"Align Technology, Inc.",15.58B,3.96B,Healthcare,5
419,NWSA,News Corporation,15.57B,10.09B,Communication Services,0
420,DOC,"Healthpeak Properties, Inc.",15.51B,2.56B,Real Estate,8
421,MRO,Marathon Oil Corporation,15.23B,6.59B,Energy,3
422,AKAM,"Akamai Technologies, Inc.",15.20B,3.93B,Technology,9
423,CF,"CF Industries Holdings, Inc.",15.20B,5.98B,Materials,7
424,EG,"Everest Group, Ltd.",15.19B,16.44B,Financials,4
425,TXT,Textron Inc.,15.17B,13.98B,Industrials,6
426,SMCI,"Super Micro Computer, Inc.",15.17B,14.94B,Technology,9
427,RVTY,"Revvity, Inc.",15.05B,2.71B,Healthcare,5
428,APTV,Aptiv PLC,15.04B,19.73B,Consumer Discretionary,1
429,TRMB,Trimble Inc.,14.99B,3.71B,Technology,9
430,AMCR,Amcor plc,14.88B,13.55B,Consumer Discretionary,1
431,LNT,Alliant Energy Corporation,14.79B,3.97B,Utilities,10
432,DPZ,"Domino's Pizza, Inc.",14.73B,4.67B,Consumer Discretionary,1
433,INCY,Incyte Corporation,14.63B,4.08B,Healthcare,5
434,JBL,Jabil Inc.,14.44B,28.88B,Technology,9
435,SWK,"Stanley Black & Decker, Inc.",14.41B,15.38B,Industrials,6
436,NDSN,Nordson Corporation,14.28B,2.66B,Industrials,6
437,SWKS,"Skyworks Solutions, Inc.",14.22B,4.37B,Technology,9
438,DLTR,"Dollar Tree, Inc.",14.22B,30.97B,Consumer Staples,2
439,VTRS,Viatris Inc.,13.87B,15.24B,Healthcare,5
440,CAG,"Conagra Brands, Inc.",13.85B,11.94B,Consumer Staples,2
441,POOL,Pool Corporation,13.82B,5.33B,Industrials,6
442,EVRG,"Evergy, Inc.",13.74B,5.64B,Utilities,10
443,CPB,Campbell Soup Company,13.74B,9.64B,Consumer Staples,2
444,UHS,"Universal Health Services, Inc.",13.72B,15.42B,Healthcare,5
445,CE,Celanese Corporation,13.68B,10.55B,Materials,7
446,UDR,"UDR, Inc.",13.63B,1.68B,Real Estate,8
447,FFIV,"F5, Inc.",13.47B,2.82B,Technology,9
448,JKHY,"Jack Henry & Associates, Inc.",13.36B,2.22B,Technology,9
449,REG,Regency Centers Corporation,12.97B,1.49B,Real Estate,8
450,JNPR,"Juniper Networks, Inc.",12.83B,5.03B,Technology,9
451,SOLV,Solventum Corporation,12.57B,8.21B,Healthcare,5
452,BXP,"BXP, Inc.",12.51B,3.61B,Real Estate,8
453,RL,Ralph Lauren Corporation,12.25B,6.65B,Consumer Discretionary,1
454,HST,"Host Hotels & Resorts, Inc.",12.22B,5.48B,Real Estate,8
455,ALLE,Allegion plc,12.15B,3.72B,Industrials,6
456,CPT,Camden Property Trust,12.11B,1.55B,Real Estate,8
457,SJM,The J. M. Smucker Company,12.02B,8.50B,Consumer Staples,2
458,TECH,Bio-Techne Corporation,11.97B,1.17B,Healthcare,5
459,CHRW,"C.H. Robinson Worldwide, Inc.",11.96B,17.76B,Industrials,6
460,EMN,Eastman Chemical Company,11.90B,9.34B,Materials,7
461,DAY,Dayforce Inc.,11.86B,1.69B,Technology,9
462,DVA,DaVita Inc.,11.65B,12.67B,Healthcare,5
463,BG,Bunge Global SA,11.58B,54.50B,Consumer Staples,2
464,ALB,Albemarle Corporation,11.58B,7.46B,Materials,7
465,PAYC,"Paycom Software, Inc.",11.43B,1.82B,Technology,9
466,TAP,Molson Coors Beverage Company,11.41B,11.94B,Consumer Staples,2
467,ENPH,"Enphase Energy, Inc.",11.32B,1.25B,Technology,9
468,KMX,"CarMax, Inc.",11.18B,27.68B,Consumer Discretionary,1
469,LW,"Lamb Weston Holdings, Inc.",11.05B,6.46B,Consumer Staples,2
470,IPG,"The Interpublic Group of Companies, Inc.",10.97B,9.34B,Communication Services,0
471,TPR,"Tapestry, Inc.",10.97B,6.67B,Consumer Discretionary,1
472,NCLH,Norwegian Cruise Line Holdings Ltd.,10.93B,9.36B,Consumer Discretionary,1
473,AOS,A. O. Smith Corporation,10.93B,3.89B,Industrials,6
474,BEN,"Franklin Resources, Inc.",10.93B,8.25B,Financials,4
475,MGM,MGM Resorts International,10.91B,17.22B,Consumer Discretionary,1
476,MKTX,MarketAxess Holdings Inc.,10.89B,777.51M,Financials,4
477,EPAM,"EPAM Systems, Inc.",10.77B,4.62B,Technology,9
478,CTLT,"Catalent, Inc.",10.66B,4.38B,Healthcare,5
479,AES,The AES Corporation,10.64B,12.28B,Utilities,10
480,WYNN,"Wynn Resorts, Limited",10.56B,7.11B,Consumer Discretionary,1
481,GNRC,Generac Holdings Inc.,10.05B,4.12B,Industrials,6
482,AIZ,"Assurant, Inc.",9.97B,11.56B,Financials,4
483,TFX,Teleflex Incorporated,9.86B,3.03B,Healthcare,5
484,PNW,Pinnacle West Capital Corporation,9.74B,4.89B,Utilities,10
485,LKQ,LKQ Corporation,9.62B,14.50B,Consumer Discretionary,1
486,FRT,Federal Realty Investment Trust,9.40B,1.19B,Real Estate,8
487,GL,Globe Life Inc.,9.40B,5.73B,Financials,4
488,CRL,"Charles River Laboratories International, Inc.",9.33B,4.08B,Healthcare,5
489,MTCH,"Match Group, Inc.",9.22B,3.47B,Communication Services,0
490,HAS,"Hasbro, Inc.",9.18B,4.32B,Consumer Discretionary,1
491,HSIC,"Henry Schein, Inc.",8.91B,12.49B,Healthcare,5
492,MOS,The Mosaic Company,8.58B,12.19B,Materials,7
493,APA,APA Corporation,8.56B,8.91B,Energy,3
494,MHK,"Mohawk Industries, Inc.",8.48B,10.81B,Consumer Discretionary,1
495,CZR,"Caesars Entertainment, Inc.",8.36B,11.27B,Consumer Discretionary,1
496,WBA,"Walgreens Boots Alliance, Inc.",8.16B,147.66B,Healthcare,5
497,IVZ,Invesco Ltd.,7.99B,5.89B,Financials,4
498,FMC,FMC Corporation,7.88B,4.17B,Materials,7
499,BWA,BorgWarner Inc.,7.58B,14.17B,Consumer Discretionary,1
500,HII,"Huntington Ingalls Industries, Inc.",7.39B,11.71B,Industrials,6
501,PARA,Paramount Global,7.32B,29.27B,Communication Services,0
502,QRVO,"Qorvo, Inc.",6.79B,3.95B,Technology,9
503,BBWI,"Bath & Body Works, Inc.",6.36B,7.38B,Consumer Discretionary,1
